logansas,His name was robert paulson,He was a good man who died for the cause. Let's not have his life be in vain,xxxxxxxx
yyyyjjjj,A cool band from the 80s,some band idk,logansas
wyyyjjjj,A cool band from the 80s,some band idk,logansas
hhhhtttt,Rush,A real band,logansas
nnnnvvvv,Blink 182,Another badn,logansas
nnnnvvvz,Blink 182,Another badn,logansas
nnnnvvvd,Blink 182,Another badn,logansas
nnnnvvvx,Blink 182,Another badn,logansas
nnnnhhhh,Weezer,A cool band,logansas
nzcnhhhh,Weezer,A cool band,logansas
nzcghhhh,Weezer,A cool band,logansas
nzcghhbh,Weezer,A cool band,logansas
nzcggehh,Weezer,A cool band,logansas
zznnhhhh,Weezer,A cool band,logansas
